Words,Frequency
#streetfood,12
#delicious,10
#yummy,10
#discover,10
#streetfoodchandigarh,10
#foodtalkindia,9
#instafood,8
#fooddarzee,8
#food,7
#drinks,5
#delhi,4
#foodiesofindia,4
#foodblogger,4
#travel,4
#GiveawayAlert,3
#dietconsultation,3
#dietplan,3
#ThumsUpBiryaniHunt,2
#Toofanicombo,2
#SwiggyVouchers,2
#yourfoodlab,2
#foodporn,2
#sanjyotkeer,2
#worldginday,2
#ChugAlongToTheHills,2
#cider,2
#bira,2
#hillstation,2
#summer,2
#healthylifestyle,2
#weightloss,2
#coacheddarzee,2
#healthyfood,2
#traveller,2
#reelkarofeelkaro,2
#reelindia,2
#reel,2
#reels,2
#reelsinstagram,2
#reelsvideo,2
#kulcha,2
#amritsarikulcha,2
#amritsar,2
#amritsarstreetfood,2
#goanfishcurry,1
#ad,1
#paidpartnership,1
#kutchidabeli,1
#soul,1
#newdelhi,1
#theashok,1
#restaurant,1
#spanishthemed,1
#NextSip,1
#lair,1
#basantlok,1
#cocktails,1
#foodpairings,1
#gin,1
#LuxeList,1
#lepetitchef,1
#immersive,1
#dining,1
#ShangriLa,1
#LPCatShangrila,1
#LPCinDelhi,1
#kachoris,1
#guide,1
#crispy,1
#safari,1
#retreats,1
#vacations,1
#staycations,1
#authentic,1
#regional,1
#wildlife,1
#ftiinsider,1
#churrosday,1
#churros,1
#cheesebrands,1
#cheese,1
#artisanal,1
#homegrown,1
#artisan,1
#cheesemakers,1
#buratta,1
#layered,1
#dips,1
#btm,1
#dieting,1
#healthyyou,1
#zomato,1
#fooddelivery,1
#orderfood,1
#dietfood,1
#tastymeals,1
#funnyvideos,1
#funreels,1
#trending,1
#topicalspot,1
#atozchallenge,1
#SummerWellness,1
#ProbioticMeals,1
#HealthyLiving,1
#stayhyderated,1
#summerfood,1
#DrSidSays,1
#Sid,1
#DrSid,1
#CarbConfessions,1
#DietDilemmas,1
#CarbCravings,1
#CarbLife,1
#CarbLove,1
#FoodieProblems,1
#CarbEnthusiast,1
#healthyeating,1
#mealprep,1
#nutrition,1
#cookinghassle,1
#ketomeals,1
#weightlossmeals,1
#HealthyBakedGoods,1
#BreadLovers,1
#NourishYourBody,1
#BakedGoodness,1
#KetoBread,1
#HighProteinBread,1
#AlmondBread,1
#Bakeddarze,1
#Fooddarzee,1
#FreshlyBaked,1
#bakeddarzee,1
#HealthyEating,1
#DeliciousSalads,1
#NutritiousMeals,1
#ChickenSaladLove,1
#FreshIngredients,1
#WholesomeFlavors,1
#RecipeIdeas,1
#EasyAndTasty,1
#SaladInspiration,1
#HealthyLifestyle,1
#FoodieFaves,1
#FuelYourBody,1
#GuiltFreeEating,1
#TastyAndNutritious,1
#SavorTheFlavors,1
#clientreview,1
#testimonial,1
#glowingskin,1
#hosted,1
#giveaway,1
#mumbai,1
#mumbaikar,1
#thailand,1
#thailandtravel,1
#thailandtrip,1
#phuket,1
#phuketthailand,1
#bangkok,1
#bangkokthailand,1
#HOSTED,1
#hotel,1
#luxury,1
#luxe,1
#luxurylifestyle,1
#goa,1
#goabeach,1
#goadiaries,1
#explore,1
